Category,Product Name,Customer Review (English)
Property,Panen telur - Oxihom Baskom Saringan Tirisan K1903 - Cokelat,"It's the goods!!! The stickiness is very weak, unlike the original 3M"
Carpentry,Wallpaper Dinding 3D Foam Batu Bata 70cm x 77cm - Putih 70 x 38cm,"great, cheap, thanks sis, thanks bro, the courier installed it straight away??"
Tour and Travel,11 days ordinary dewasa Japan Rail JR Pass Shinkansen Jepang adult,"Very, very unfortunate, the service is very bad. The goods have been waiting for the courier to pick up for more than a week, the packaging is also very inadequate. Are sanitary napkins wrapped in transparent plastic without a box? Very disappointing"
Books,Bumi Bulan Matahari Bintang Ceros Batozar Komet Minor Selena Nebula - SELENA,"The lock is missing 1 row, it only fits 2 rows, the row after it doesn't have a lock so I can't use the 1 row, the rest is cardboard even though it's intact, it looks like it's not complete when I prepare the lid, click OK, please check carefully next time before sending."
Sport,Premium Skipping Rope Svarga 3 Meter | Tali Skipping Speed Rope - Ungu,"good stuff, the motif is also beautiful. seller responds quickly"
Kids and Baby Fashion,Tas Sekolah Anak Laki Laki Sd Smp Gr RW402 Backpack Sekolah - Hijau,"the goods arrived safely, the wallet is cool, the gift is premium, like an expensive wallet"
Automotive,MPX2 OIL OLI MPX2 MATIC FOR HONDA,the item sent was different from what was ordered
Toys and Hobbies,Tenda Bermain Anak Model Castle (BIRU/ PINK),The material is comfortable ??. Comfortable on the back. The load is spread evenly. Ergonomic design. Easy to use. The seller is very friendly. The material is flexible.
Women's Fashion,"PVN Kara Sepatu Sneakers Wanita Sport Shoes Candy Pink White Blue 372 - Candy, 38","the packaging is not neat, all BOLT product packaging is torn... so when unboxing, the contents of the food are a mess"
Electronics,Lampu led strip RGB warna warni ip44 3528 komplit set adaptor remote,"Slow delivery, requested no color at ACC, very disappointed..."
Beauty,Jedai Jepit Rambut 5 Cm Ufa Thailand 2 warna 6 pcs - PAKET 20,"It's complicated to use, I don't recommend buying it"
Office & Stationery,SPIDOL ARTLINE PERMANENT TWIN MARKER EK-041T - Biru,"A few days ago I ordered 4 salmon bolts but only 1 salmon bolt and 3 tuna bolts were sent. The price is 600 rupiah different, but the 600 rupiah difference isn't a problem, it's just more of an obligation to provide goods according to what the consumer bought so that the consumer doesn't suffer a loss. We promised to send the salmon we ordered this time, but we still sent tuna. If the item is empty, we should confirm, not just send it. OK, thanks bro... Hopefully other consumers don't experience something like this."
Body Care,Beli 2 Gratis 1 - Original Source Body Wash Mint Tea Tree,"VERY GOOD, SUITABLE, btw I bought the S013 and S008"
Movies and Music,MIXIO Sound card V8 Mixer SoundCard V8 MIXER Audio USB External,"Less than 2 pcs arrived and the quality is very bad. The material is not cut neatly and the thickness is not appropriate, 4-5 mm. In the description, it turns out it's not that thick."
Property,Panen telur - Oxihom Baskom Saringan Tirisan K1903 - Cokelat,The model is beautiful ??. The material is cool. Comfortable to wear. Neat stitching. The color is beautiful ??. Easy to shape.
Food and Drink,The OG - 10 pcs,The Gosend flat package is not correct. The service is irresponsible. Done.
Other Products,BUBBLE PACK (PACKING TAMBAHAN),disappointing
Property,BELI 3 POHON BONUS 2 POHON platycerium ridleyi,"Sorry, there are only 2 stars, the case can't be used, I have tried it several times, it only took 20-30 minutes for the shell of the case to get really hot when I use it, I'm afraid it will explode. Delivery and response are OK."
Other Products,karung plastik bekas beras putih 50kg,"Excellent,. in accordance,. normally can be used. hope it lasts. The CR2032 battery is included"
Household,Alat PEL Lantai Otomatis SAMONO Clear Mop Alat Pel Praktis SCM004,"unboxed the items after a week because I was from out of town, I was very disappointed, I bought 2 items at this shop, one was a tripod, the other was a waterproof plastic cover, when I unboxed it turned out that only a tripod was sent, there was no plastic cover. It's true that the price is cheap, not that much, but the quality of the shop should be prioritized. I don't know if I wasn't careful or didn't send it on purpose. What is certain is that customers have been harmed. Be careful when shopping online, negative power does not guarantee seller trust."
Movies and Music,Joyo JCP-01 Capo Gitar Akustik dan Elektrik - Cokelat Kayu,"The goods are original, everything is complete with guarantee, the processing is also fast, thank you????"
Gaming,Sound Fox Stick Game Wireless Controller Nintendo Switch Lite with NFC - Biru,"Junk stuff. Says it's authentic, it turns out it's a kw item. I bought 3 boxes, I asked to be sure they said they were authentic. I've only been using it for a few hours and it's already bitter. All my stuff."
Tour and Travel,19 days ordinary dewasa Japan Rail JR Pass Shinkansen Jepang adult,very disappointed
Computers and Laptops,Rexus GX2 Gladius Pro Gaming Gamepad - Joystick / Stick - Hitam,"fast delivery. Friendly admin, subscribe in the future"
Books,Buku MASTER SUKSES CAT CPNS 2021-2022 UPDATE SUPERLENGKAP HOTS,"the goods arrived, the plastic packaging sealing the coffee bag was all open, there was no coffee aroma at all, disappointed!!"
Camera,SILICA GEL BLUE GRADE A ISI 100 SACHET,"Wow, thank God it arrived safely with really thick bubble wrap. I like the model, it looks really cool. Champion seller."
Kids and Baby Fashion,"Masker ANAK ANAK 3 ply isi 50pcs kids 3-14thn face mask earloop - Putih Polos, Chasa Kid",I ordered size XL. But the one that came was an M. I couldn't use it. What's the return?
Books,THE BOOK OF IKIGAI,"When charged, the light doesn't come on, it can't be used at all, I want to return it, the shipping weight SHOULD HAVE BEEN TESTED BEFORE SENDING, BUT THE PACKAGING HAS NO SEAL, IT CAN BE TESTED FIRST, I SEEMS TOO SAD, IT'S A MINIMUM 1 STAR, NOT RECOMMENDED"
Gaming,Microsoft Flight Simulator 2020 Premium Deluxe PC Original - DVD-DL120GB,"item as desired, thx toko pedia."
Animal Care,Paw Underpad Pee Pad Toilet Training Anjing 60x90 isi 10 Lembar,The smell makes you feel sick and dizzy
Electronics,Deerma Vacuum Cleaner UV-C Penyedot Debu Tungau CM800 / CM810 - CM800,has the item arrived??
Movies and Music,SOUNDTECH 2.1 USB Condenser Microphone Cardioid and Omnidirect for PC,"Anyway, I really like this soap"
Automotive,"70mai Dash Cam Pro Plus A500s 1944P GPS ADAS Set(Front +Rear Camera) - Front+Rear, Camera Only","Product works well. Seller is very communicative and informative. From the process of choosing a package that suits your needs to being guided on how to use it! Delivery was very fast even though we used free postage (from Jakarta to Surabaya). The tool is small and practical, but very functional. Not only for watching films, but also live channels at home and abroad (when I first asked, I only searched for Netflix, NBA TV and Amazon Prime. You got more!). But don't forget, the work of this tool really depends on our internet connection. Everything will be better if our internet is top too."
Party Supplies and Craft,box clover segi 4 / kotak kado hadiah gift makanan cd bingkisan,"leaking!! The package is wet, so all you have to do is just bubble wrap and insulation plus liquid. the taste is inevitably unpleasant. for the others (glass bottles) it is safe"
Camera,Alas Foto 3D Midio Motif Cement Background Foto 3D Ukuran 53x100cm,"Buy 2 boxes containing a total of 20 pies, there are 5 pies that are moldy. Even though the package was opened immediately after being delivered by the courier and the expiry date was still more than 1 month. Try checking reviews, many buyers also experience problems with moldy pie. The quality control of this milk pie is really bad. It's a shame that this shop's reputation was also damaged because of a product whose reputation was not maintained by the product owner. Sorry, seller, this is an honest review. Maybe it could be conveyed to product manufacturers to improve product quality control."
Kids and Baby Fashion,"MINIBOUBOU Unisex Short Playset Safari - Elephant, M (1-2Y)",ORDER OF 11 ONLY 6 CAME.. VERY SAD.. NOT RECOMMENDED
Phones and Tablets,"KABEL DATA LED BASEUS HALO FAST CHARGING IPHONE/MICRO USB/TYPE-C 1M - Hitam, TYPE C","I'm disappointed, waiting for no good response from the seller,"
Mother and Baby,"merries S , M , L , XL - L33",The weight of the item in the description is 4.5kg. Even though the original weight of the goods from the courier when received was only 1kg. So the postage is very expensive compared to reality and you have to file a complaint etc. to get a refund on the postage. Bother.
Mother and Baby,"CUIT Setelan Pendek Celana Pendek BLOCK COLOR - Merah, 13","Very fast response, friendly too, very fast delivery, lv. There are more balloons in the box too. Haven't pumped it yet so there won't be any leaks??"
Other Products,Liquid A La Carte Cream Poundcake 100ML Liquid Ala Carte Alacar - 3MG,"This GARBAGE item should not be sent to my address, but instead in the TRASH CAN. Very DISAPPOINTING, admin DID NOT RESPOND TO MY CHAT AT ALL. Look at the item that was sent, there are dead pixels, THEN THE MONITOR SCREEN IS BACK. VERY DISAPPOINTING. Note for friends who want to buy, this monitor does not have audio/speakers, the screen quality is also not good. If you have more luck, buy a good brand. I REALLY REGRET SHOPPING HERE. I DO NOT RECOMMEND SHOPPING HERE."
Party Supplies and Craft,BUBBLE / BUBLE / BABEL WRAP HITAM BENING TEBAL DKM+ - HITAM TEBAL,very disappointed
Household,PCK-01 Penjepit Barang / Pickup Tool Ver.1 Alat Capit Pemungut Sampah,"Item as ordered, well packaged, when tried it was ok for refill and charge, delivery as estimated.."
Toys and Hobbies,Flatband Slingshot Ketapel Tali Rubber Slingshot Karet Tarikan Ketapel - 1. Grey,"Great service, super fast and satisfying service, everything I asked was explained patiently and clearly"
Camera,Smart Camera Wifi V380 HD720P Wireless Mini IP CCTV Phone Audio,"Very good toy, my kids like it"
Precious Metal,RM 5 gram 2022,the t-shirt is nice to wear
Beauty,Garnier Men Complete Package Mask Pack of 10,one of the sticks doesn't work. Tried to chat with the seller but didn't respond.
Tour and Travel,15 days ordinary dewasa Japan Rail JR Pass Shinkansen Jepang adult,That's great. Original Product.
Party Supplies and Craft,Kukakey Strap Gantungan Kunci Mobil Motor Bracelet Cars Key Chain Rope - Short Black,Best service and original goods
Beauty,2IN1 KUTEK HALAL KUTEK 2 TONE KUTEK KOREA - B23,"great according to the order, the response was quite fast, and quite informative, the package was neat and safe, the condition of the goods was good, the seal, there was a problem with a Gosend error so it was only processed the next Saturday, ready to help with the fast process, finally it could be delivered on Saturday too. thanks"
Mother and Baby,"merries S , M , L , XL - L35","neat packaging, item as ordered"
Animal Care,Kura Kura Brazil Res Baby - Size � 4cm,"Turns out it's really thick... fast delivery, safe packing, good quality of goods... really cool... thanx"
Precious Metal,RM 5 gram 2022,"After 6 days of waiting, it finally arrived. The goods have been checked, the battery condition is safe, the charger is safe, everything is safe. Thank You"
Men's Fashion,DOMPET KULIT PRIA WANITA PANJANG IMPORT BAELLERRY MODEL PANJANG SW002 - Hitam,"The product corresponds to the description, the seller is friendly & the goods are sent immediately"
Beauty,Garnier Men Complete Package Mask Pack of 7,"Good seller response, very fast delivery, goods as ordered, quite satisfactory. Thank youu.."
Party Supplies and Craft,BALON FOIL ASTRONOT UFO GALAXY SERIES HAPPY BIRTHDAY PESTA MURAH - B0569 UFO,"When I read the composition description of the mango flavored drink, I was a little suspicious. But because it sells a lot, keep buying it. the price is expensive, I think it's full of mango. Turns out it's artificial mango. Very artificially sweet. Not healthy."
Party Supplies and Craft,Kukakey Strap Gantungan Kunci Mobil Motor Bracelet Cars Key Chain Rope - Short Black,the color does not match what you want
Computers and Laptops,"Usb HUB Vention 4 Port Usb 3.0 2.0 High Speed Power Adapter OTG - CHL 3.0, 0.15m",This is not origami paper but post it
Carpentry,PILOX DITON 300cc 300 Cc Cat Semprot Pylox Pilok Bkn Samurai Rj Murah,"Appropriate product, fast delivery, safe packing, recommended seller????"
Office & Stationery,Ball Pen Pulpen Pena Joyko BP-273 Zeto 0.7 mm 1 Box 12 Pcs,"Very good quality, just like in the photo. Delivery is also very fast. It's really good.."
Body Care,Lux Hand Sanitizer Jasmine 50ml,"I was a little disappointed that I ordered 2 payments but only 1 was sent, the owner should have been more careful, even though I asked for blue but the payment. I just sent 2 black ones and asked for my receipt. I had already thrown away the small receipt."
Beauty,2IN1 KUTEK HALAL KUTEK 2 TONE KUTEK KOREA - B26,very very disappointed
Mother and Baby,"merries S , M , L , XL - L39",The camera LCD has fallen out of position. I hope you will be more careful in selecting items before sending or checking them
Carpentry,YJ-01 Nano Spray Gun Disinfectant Wireless 800 ml,"The package of goods was torn, there were parts of the paper that were yellow indicating that the goods had been opened for a long time. very disappointing"
Gaming,IC Matrix Modbo 5.0,"I have been in business so I don't want to badmouth people's business, I tolerate the first time I bought a plug that was damaged, I thought it was the courier, but in this second transaction, 2 of the 3 lights only came on half, how could the sales admin not check first before the pac was sent. Honestly, I'm disappointed, I bought maybe cheap goods but not damaged ones... that's the last time I shop at this shop????"
Gaming,Nintendo Switch Zelda BOTW Breath of The Wild,disappointed with the shop
Party Supplies and Craft,Rantai biji lada rante biji lada kerajinan tangan - silver,The texture is hard. The result is thick. Easy to use. Easy to carry. Safe packaging??. Fast order process.
Movies and Music,Joyo JCP-01 Capo Gitar Akustik dan Elektrik - Cokelat Kayu,It's great stuff
Office & Stationery,Kabel Ties Cable Tie 2.5 x 150mm (15cm) CV 150 Kualitas baik - Putih,The price is affordable. Smooth Android connection.
Electronics,4Connect Bluetooth Audio Receiver Dongle with MP3 Player and FM Radio,"This is the second time I've bought here, I don't really regret it, the quality is definitely okay, the delivery is also good and fast, the packaging is also neat and safe"
Muslim Fashion,Sajadah Travel Motif Abu Dhabi - C - Ungu,The leg of the Hulk robot toy is broken/damaged. Please check before sending
Muslim Fashion,elzatta Obelia Samida - 310,"for that price, it's fine, and the seller also explains how to use it clearly and carefully"
Computers and Laptops,Charger Adaptor Laptop Acer Aspire E14 E5-421 E5-431 E5-471 E5-475G,"Bought on the 9th. Order completed on the 12th and.... the mouse was broken on the 13th and can't complain from Toped anymore. Admin was asked how to claim a warranty. VERY NOT HELPING, chat today, reply tomorrow, no reply no more"
Tour and Travel,Sim Card Eropa 30 Hari | Europe Simcard 30 Days Include Swiss - 8GB,Very very disappointed shopping at this shop.. Be careful shopping at this shop..
Other Products,Liquid A La Carte Cream Poundcake 100ML Liquid Ala Carte Alacar - 3MG,"Finally I can have a collection, even if it's only 1. Next, there will be more BT21 collections. thank you"
Electronics,BASEUS TRUE WIRELESS BLUETOOTH EARPHONE MINI EARBUDS TWS WM01 - Ungu,"When I checked out yesterday it said I got cashback... 150 thousand when I got the goods, how come the cashback coins changed and only got 50 thousand, really disappointed... next month I'll just replace milk from Kalbe..."
Beauty,Garnier Men Complete Package Mask Pack of 14,Delivery took a long time... ATC was sent the same day but it wasn't delivered. It was sent a few days ago.
Body Care,L'Oreal Professionnel Serioxyl Denser Hair Serum Rambut Rontok,"great, it arrived complete according to my order. and I'm satisfied shopping here as long as I get big cashback??"
Animal Care,Keong Assassin Snail Pembasmi Keong Hama Aquascape,"bought 2 pcs... one is normal without problems.. the other one is stuck. The cartridge house won't go to the middle... the steps are the same as normal ones, follow the manual..."
Party Supplies and Craft,BUBBLEWRAP BENING 30CM X 50M BUBBLE WRAP PUTIH BUBLE PLASTIK BANDUNG,the existing carcasses... have all died
Muslim Fashion,elzatta Obelia Samida - 309,"Favorite pen brand, cheap, real ink, never jams, always smooth when writing"
Tour and Travel,13 days ordinary dewasa Japan Rail JR Pass Shinkansen Jepang adult,"Packing is ok inside with bubble wrap. The book is also ok, the contents are not damaged, but the edges of the book are slightly damaged. Overall quite satisfied buying here. Wait for my next order"
Body Care,ADIDAS Get Ready Eau De Toilette 100ml,"great, fast response, friendly seller and solution, next time I will definitely order here again, thanks bro!"
Men's Fashion,Kaos Kaki Motif Skate Oldschool Bebas Pilih Motif,"Slow delivery. Ordered urgently early in the morning using an online motorcycle taxi so it would arrive quickly, instead it was sent via Tiki??????? it's OK, it's up to you."
Toys and Hobbies,Kartu Remi Plastik Anti Air Waterproof - Black - Biru,"The pink is thin and dreamy. the delivery was bad, the item was only sent minus a few hours before it was automatically cancelled. even though 4 days after the order the seller was reminded via DM, but instead he was told to be patient without being given a reason and the status of the goods was still in process, perhaps waiting for a large order to be sent."
Automotive,AntiFog Embun Besar Kaca Spion & Jendela Mobil Sticker Anti Fog Hujan - Spion 9.5x13.5,"Very disappointing, the goods sent did not match the description requested by the buyer"
Electronics,Kipas Angin Meja / Duduk NAGOYA (Desk Fan) 12in - NG12DF,the item is not in the package
Phones and Tablets,Xiaomi Redmi Note 10s 8/128 GB Garasni Resmi - Abu-abu,Positive quality. & there is a bonus cable protector ????????
Precious Metal,RM 5 gram 2022,"The nightdress is cool, yes, with holes/torns, it's definitely cool... but it's scratchy... haahaaa, it's really serious"
Other Products,Cerutu Argopuros Box Isi 24,"Bad service, no response, clothes color doesn't match on WA and chat via Topped, no response, very different from the one I have which I bought at this shop"
Other Products,Cetak Foto Print Digital Lab Ukuran 40x60 20RS A2 Pameran Paper Luster,"Good service, great, really recommend buying here. Thank You."
Animal Care,Cupang Hias Halfmoon Male / Betta Fish Halfmoon - Random,The size is appropriate. The material is cool. The product matches the photo.
Muslim Fashion,elzatta Obelia Samida - 308,3 pieces were damaged and couldn't be used because of poor packaging
Food and Drink,Roasted Bean Premium Arabica Washed Tuang Coffee 250gr - Biji Kopi,Positive quality. & there is a bonus cable protector ????????
Party Supplies and Craft,Lem balon / perekat balon / glue dot ballon / tempelan balon,"slow response, packaging took a long time, delivery took a long time to disappoint, even though in one city it only took 30 minutes to arrive, in another seller after fixing the transaction it took 30 minutes to arrive, this took up to 4 hours to wait... the shop sucks, customer chat response is slow.. I've given up on shopping again"
Other Products,Liquid A La Carte Cream Custard 3Mg6Mg 100ML Liquid Ala Carte Alacarte - 3MG,"Packing is neat, fast and the product matches the description. Recommended seller??"
Tour and Travel,15 days ordinary dewasa Japan Rail JR Pass Shinkansen Jepang adult,"It's good, I've bought it here many times"
Beauty,Jedai Jepit Rambut 5 Cm Ufa Thailand 2 warna 6 pcs - PAKET 25,"the goods do not match the product, the GM Bear knife set ordered but the one that came was Buck-I brand,"
Household,Triple W Smart LED Digital Alarm Clock Jam Meja Weker Lampu Tidur - Hitam,Fits size 46 feet too. material according to price. and quite thick
Kids and Baby Fashion,Tas Sekolah Anak SD Laki Laki - C. America Navy,"Not recommended for old walls, damp walls, change to a different color from the original color, CONTENTS are also less than the label, guaranteed NOT satisfactory! THE PRICE IS NEVER CHEAP"
Phones and Tablets,"Premium Quality Layar LCD iPhone 5 5G 5S & Touchscreen. Ori Original - Hitam, iPhone 8","It's really thin and the strap is really that loose but the strap doesn't matter, the important thing is its thickness. This is just the same thickness as the blue/green mask. At first when I read the comments, I didn't believe it because Evo is quite a brand. Turns out it's really thin."
Kitchen,SANEX KOMPOR PORTABLE / PAKET GAS PORTABLE HI-COOK 230 GRAM (1 TUNGKU) - Merah,Good soul bro
Automotive,SEPASANG Lampu Tembak Sorot 6 Mata LED Spion Motor 6 Watt 12Volt,"Ordered pink, got blue, too lazy to return it because of shipping costs... forced to accept what is available"
Computers and Laptops,"Usb HUB Vention 4 Port Usb 3.0 2.0 High Speed Power Adapter OTG - CHL 3.0, 0.15m","The seller's response was very fast..But...it couldn't be installed on my cellphone, it said it was 7 inch but it turned out that when it arrived, it didn't fit on my Samsung A70 cellphone, and when I read it the maximum capacity was 6.2 inches. Same for playing CoD, it's a bit confusing, when playing ML it runs smoothly... Even though I want to play CoD :)"
Health,Sensi Convex Mask 4 ply Earloop / Masker Sensi 4ply - Putih,"The item arrived damaged, really disappointing!!!! I can't hold the toy... I'm tired of buying here again!!!"
Camera,Drone Kamera Drone Camera DRONES FPV Quadcopter Foldable HD 4K Altit,"A shop that is not recommended. Delivery service does not match the facts written in the description. And there are items that are missing and not even sent, preferring to return the buyer's funds."
Animal Care,ARTEMIA HIDUP SEGAR PAKAN MAKANAN IKAN BURAYAK TERUMBU KARANG,"okay ingredients, joss lahh"
Men's Fashion,kacamata anti radiasi dewasa fashion pria dan wanita terbaru 98029 - Black,There's no use for this ATC but it still doesn't give bubble... it's just a loss...
Animal Care,Drontal Cat / Obat Cacing Kucing / Drontal Kucing / DrontalCat Tablet,"For the EMULATOR the delay was severe, with deadzones in two analogues in the PPSSPP emu and several emus that I tried. Basically, I don't recommend it for those who play emulators."
Precious Metal,UBS Logam Mulia BT21 Tiger 0.25 Gr,I wrote down the sizes I needed 4 kinds... what I received was only 1 kind... we can't use them all...
Books,"Kamus john m echols/ kamus inggris-indonesia, indonesia-inggris","I really don't recommend the service, it's not good and it doesn't match the photo, I bought 2 but one of the lights was dead and it wasn't complete"
Muslim Fashion,Dua Jilbab Voal Umama Azara part 4,very very disappointed
Camera,Tripod Takara Eco 193A Hp Dslr Slr Mirrorless Mirorrless Gopro Kamera,"the clothes are good, the material is cool, really good"
Kids and Baby Fashion,Topi bayi rajut newborn / Kupluk bayi rajut / Topi kupluk bayi pom pom - Hitam,"The delivery is fast, but the goods are in short supply. My friend also bought a rubber drum pad from Malang but it's good, this is the one I bought but it's just like that. My expectations were good but instead I got something bad. Does not match the photo displayed by the seller."
Animal Care,Alas Kandang Hewan Kucing / Anjing / Tortoise 40 x 60 - Hitam,Hard bread is not delicious
Phones and Tablets,Earphone I Earbuds I Headset Gaming with Mic JETEX HX8 - Garansi Resmi,"The camera works, the image quality is of course appropriate for the price, like similar children's cameras. Unfortunately the cable is very dirty, like it's used, I've tried cleaning it and can't."
Sport,Bat Baseball/Tongkat Bisbol/Stik Bisbol Self Defense Shop,"according to the picture and order, the packaging is good, great, bro"
Tour and Travel,7 days ordinary dewasa Japan Rail JR Pass Shinkansen Jepang adult,the material is cool
Gaming,Dobe Controller Grip Nintendo Switch,The book fell out quickly and the glue wasn't strong
Men's Fashion,KAOS KAKI MUNDO -SOCK STATION-KAOS KAKI PRIA ANKLE SOCK - Hitam,the quality is low
Toys and Hobbies,Avenger Iron Man Smart Dance Robot Super Hero No.LD155A,"If I use it a day, it's already broken :( Quality control is correct, please"
Property,Panen telur - Oxihom Baskom Saringan Tirisan K1903 - Cokelat,Item does not match description..!!!
Kids and Baby Fashion,"OVIKIDS - Jeans Anak Skinny 123/468/81012 Unisex (2-6/7Th) - Biru, 3","HIGHLY RECOMMENDED, LOTS OF BUBBLE WARP PACKING EVEN THOUGH ORDER FOR CEBANN PRICE, NICEEE"
Automotive,Glade Diamond Aqua Reg 80ml,"plastic, well there is a price and there is quality"
Toys and Hobbies,Mainan Anak Pedang Starwars Light Saber Double Blade Star Wars Cosplay,not clear
Books,Buku Investasi Saham,Fast and friendly response. Recommended??
Computers and Laptops,Cooling Pad Laptop Gaming 6 Fan Kipas Pendingin Laptop Kipas Cooler Q3,"Honest review, the port for the player 1 controller doesn't work, I tried asking the seller but no response. I've tried resetting the plug, unplug and move the controller but it still doesn't work. Thanks"
Camera,MagicBox Midio Portable Mini Photo Studio Light Box,"The product is very ordinary... there is a big difference between the photo and the real thing... the zipper is normal, the material is rough."
Women's Fashion,Celana pendek wanita rayon polos adem variasi warna - WARNA 14,"SHOP IS NOT TRUSTFUL. Asked to be sent, the shortcomings were rubber, bolts, etc. for holding the stick, but it was GHOSTING. There is no news and goodwill until now. Thank You"
Kids and Baby Fashion,Tas Sekolah Anak Laki Laki Sd Smp Gr RW402 Backpack Sekolah - Hijau,Great workmanship and delivery and goods match the description
Animal Care,Pet Cargo tas travel tenteng hewan kucing anjing kelinci ayam - Biru Muda,"Great, the product matches the description, the product material is neat, the packaging is safe and the delivery is fast, thx seller"
Phones and Tablets,"Premium Quality Layar LCD iPhone 5 5G 5S & Touchscreen. Ori Original - Hitam, iPhone 15",Sharp. Original Product. Compliant Product. Good Product Quality.
Beauty,NEW ARRIVALS RAK KOSMETIK MULTIFUNGSI RAK KOSMETIK 3 LACI KOTAK MAKEUP - Putih,"ordered differently, sent differently!!!"
Precious Metal,UBS Logam Mulia BT21 Tiger 0.25 Gr,The material is different from the one ordered which is brown and has only been used once and immediately tore
Carpentry,Toolset ToolKit Dengan Box 16 Pcs HJ-C016,Good quality material?? Is it comfortable to wear? Not glaring
Carpentry,Kacamata Las Otomatis Kacamata Welding Glass Auto Dark Anti silau - Mono Glass,"It's easy and difficult to assemble, thank God it's cool... Product fits. Tq seller, tq tokped"
Toys and Hobbies,Jingpindangong Ketapel Aluminium - Camouflage - Cokelat,"Always the best... you don't need to train anabul, just know right away????"
Other Products,BUBBLE PACK (PACKING TAMBAHAN),Does it really taste like it's stale? Why does it smell so much like a trash can?
Party Supplies and Craft,Kukakey Strap Gantungan Kunci Mobil Motor Bracelet Cars Key Chain Rope - Short Black,"good item..sealed..intact..original..functions properly..seller responds well..quick amir...have given me advice, really fits my needs..great"
Women's Fashion,Ikat Pinggang Wanita Elastis Fashion Gasper Sabuk Karet - #8,good and healthy fish. great
Men's Fashion,"kacamata baca plus pria super premium - Merah, baca plus","great, good stuff"
Books,PO - Menu MPASI 913,"Initially I gave a good rating because the first time the diffuser turned on well. I received the product on February 15 2022, and I immediately tried it, the results were good. Then I followed the shutdown and cleaning instructions. I turned this product back on today, February 21 2022 (second time) the mist didn't come out and the on button didn't light up. I submitted a complaint in chat and the reply from Uchii said that products that were more than 3 days old could not be complained about. It's a shame because this is an electronic product. Uchii's other answers were also very unprofessional. Is it because I bought it at a discount, then was sent a damaged product? Should be more responsible. If there is no replacement, at least repair."
Camera,Background Foto Hijau Polos / GREEN SCREEN Back Ground Drop Studio Spu,"It's great and I received it straight away when I sent it, so it's guaranteed to be safe."
Health,FLIMTY FIBER 2 BOX PELANGSING FREE ONGKIR SLIMMING - Blackcurrant,"The item is not clear when I bought 6, sent two"
Office & Stationery,Joyko Permanent Marker Spidol Permanen Dual Tip - Black,VERY GOOD THANK YOU GOT A GIFT FROM DR TOKPEDDDDD Not transparent. Appropriate size. Light to use. The color is good ??. Material absorbs sweat. The stitching is neat.
Animal Care,PURR+ Premium Pet Spray 500ML Antiseptic Ion-Activated Water,"great, the product is solid, the quality is OK, I want to order another one"
Electronics,Kova Liko Kompor Listrik Mini Stove Moka Pot Seduh V60 Manual Brew - Hitam,"Works fine. Got a flash sale at a cheap price, at first I tried it but it turned out to be okay. Will be a mainstay for boiling eggs."
Men's Fashion,"PIERRE CARDIN SHORTY 2IN1 PC268-2 - RANDOM, M",fast delivery..safe packaging
Phones and Tablets,USAMS PB56 Power Bank Lanyard 10000mAh DUAL USB 2.1A - Hitam,"Fast response and delivery, product is ok, price is also relatively cheap, thx"
Toys and Hobbies,ACTION FIGURE ONE PIECE RORONOA ZORO WANO KIMONO DFX THE GRANDLINE MEN,"Very disappointed that the delivery was only wrapped in bubble wrap so nothing was broken, and there was a product that was leaking but it was still sent when they complained, they were told to send it back, they paid a fee of IDR 10 thousand but they were returned only IDR 6 thousand, the quality control was poor, the packaging was just so-so"
Tour and Travel,12 days ordinary dewasa Japan Rail JR Pass Shinkansen Jepang adult,Not glaring. Comfortable to wear. Easy to shape. The model is beautiful ??. The material is cool. Neat stitching. The color is beautiful ??.
Computers and Laptops,PAKET LISENSI WINDOWS 10 PRO DAN OFFICE 2019 ORIGINAL + BONUS,"I'm just a bit disappointed that the product doesn't match the written description of the aluminum material, all the plastic materials received, I'm interested in buying because the description says aluminum"
Electronics,Paket Mesin Kasir Android Untuk Restoran,good.. according to the description
Camera,Gorillapod / Flexible Tripod Ukuran LARGE For VLOG Action Cam & DSLR - FREE MOUNT,Long confirmation process.. chat not answered..
Party Supplies and Craft,Balon LED RGB LENGKAP 2/BOBO LED/Balon Lampu Tumblr 3 MODE + Gagang,"Wow, really cheap, the packaging is neat, the product is really good and cool. it's really really really really hehehehehe"
Other Products,Unyelowing Remover / Sole Bright,item fits and arrived safely
Mother and Baby,"merries S , M , L , XL - L33","The clothes don't match the picture, they are shorter, the pockets are small like children's clothes"
Muslim Fashion,Konektor Masker Hijab Kristal Premium Hijaberlin - Midnight,"First transaction, good luck and next order again??"
Carpentry,Kepala Portable Gas Torch Flame Gun Las Blow Torch Pematik Gas.,According to the description. Packaging Positive.
Automotive,Case sarung kunci smart key Cover Honda CIVIC HRV JAZZ CITY ACCORD CRV - Black Grape,"Original quality goods, fast delivery."
Mother and Baby,"merries S , M , L , XL - L34",goods according to price
Mother and Baby,Puzzle evamat polos - Tikar evamat - Alas Main Anak-Karpet Puzzle eva - Hitam,"When you charge it, why can't it turn on? Please give a Solution. I can't use it"
Mother and Baby,"merries S , M , L , XL - L33",I've added 5 bubble wraps but the packaging is still thin...
Automotive,HSS EDT Everyday Diesel Treat Power Cetane boost utk 400-1500 L solar - 4Oz/118ml,The goods sent were great.. the material is thick and waterproof.. suitable for use in water.. the seller also responds quickly.. thx u
Other Products,karung plastik bekas beras putih 50kg,"Many of the items received were leaking out and many were empty, the goods did not match the description"
Food and Drink,Paket Hemat Minyak Goreng Rose 2L & Gula Kuning 1KG Rose Brand,"At first I tried to buy this brand but it turned out that the refrigerator was not good, during the cooling process the compressor made a loud noise I swear it was really annoying"
Office & Stationery,Cable Ties Nylon Kabel Tis Pengikat Nilon Joyko - CBT-9 10cm,It's taking a really long time to respond
Body Care,Hand Sanitizer Cair 5 Liter PURELIZER Aseptic 5L [ Izin KEMENKES RI ],"The goods have arrived, we will update the stars later, I want to check the condition of the goods first"
Beauty,Jedai Jepit Rambut 5 Cm Ufa Thailand 2 warna 6 pcs - PAKET 24,"Ordered goods but during the 11.11 promo but they were not sent, instead they were told to refund the money sent only for sale items! EXPLAIN THE SALE! It's really a scam that it's on sale even though it's an official store"
Food and Drink,Korean Kimchi SAMWON,"Broken Shoes,.................................."
Muslim Fashion,elzatta Obelia Samida - 307,"The paper is bad, the printed ink is almost impossible to read"
Automotive,Glade Diamond Aqua Reg 80ml,"Finally managed to have an mp3 player. Thank you for providing this product, it is very easy to use"
Other Products,[PAKET HEMAT] Tag Gun - Alat Tembak Pasang Label + REFILL 5000 Pcs (W) - 35mm,Long delivery process. Thin material
Sport,Senter Kepala COB LED Rechargeable / HEADLAMP SOROT,"This seller is not of good quality.. The reply took a long time and not all of the items sent were sent in 2 delivery increments..WASTE OF TIME WAITING.. Even though before the message said ready stock... And the shipping costs paid on the same day turned out to be sent 2 days later... NOT RECOMMENDED SELLER, DON'T WASTE YOUR TIME WITH THIS SELLER"
Carpentry,4in1 Mineral Ion Shower Head|| Water Filter Ionizer for Healthy Life,Goodssss
Kitchen,Giza Grill Pan by SKITCHEN/Cast Iron PREMIUM/Panggangan Besi Cor,Not glaring. Appropriate size. The material is cool. Neat stitching. The color is beautiful ??. The model is beautiful ??.
Toys and Hobbies,Robot Iron Man Hulkbuster - Kado Mainan Anak Avenger,"As always, I've never failed to shop here, thanks ggs"
Body Care,HMNS Starter Pack,"The stuff is really good. Sturdy, the comb is not sharp, the click button is also practical"
Women's Fashion,tas selempang wanita shouder bag waterproof import nylon Import Nj2 - VIOLET,"This is my 2nd purchase and it doesn't disappoint... haven't unboxed it yet... thank you very much bro, next order again..."
Women's Fashion,Celana pendek wanita rayon polos adem variasi warna - WARNA 5,"Poor shop service, slow processing of goods, no response to chat, average goods"
Household,Alat PEL Lantai Otomatis SAMONO Clear Mop Alat Pel Praktis SCM003,"cute stuff, cool material, spacious pockets plus zipper, fast delivery, the best"
Kitchen,Tefal Cook & Clean Frypan 24cm Wajan Anti Lengket,"Cool, the playing cards have arrived. The packaging is safe??"
Food and Drink,Lumpia Basah Semarang *BESAR*,Fast response. Recommended seller
Books,THE MAGIC LIBRARY,"the item is good, thick, got the best deal yesterday too. Mom likes it and do I like it??"
Property,BELI 3 POHON BONUS 2 POHON platycerium ridleyi,"There is no need to doubt this seller. Is that great??? Just wait for free time to play Zelda BOTW. Just test it in and just turn it on and run smoothly normally. Haven't had time to play yet, hopefully there are no problems. The packaging is super safe and the BNIB seal is in safe condition"
Muslim Fashion,Dua Jilbab Voal Umama Azara part 2,pretty good for the price thanks
Automotive,MPX2 OIL OLI MPX2 MATIC FOR HONDA,"the content is just like plain water used to use tire polish, there was no answer when I complained"
Books,Komik Seri : One Piece ( Eiichiro Oda ),Why did you choose the color yellow?
Household,Rak Sepatu Sendal Susun Amazing Shoe Rack Tempat Penyimpanan Sepatu,"I was happy to see the mukena arrived, but I was sad when I saw the bag, it was damaged, why was it being sold"
Kitchen,Bagus Anti Bau Gel Lemari Es 180 gr,"Thin material, friendly seller, fast expedition"
Kitchen,SANEX KOMPOR PORTABLE / PAKET GAS PORTABLE HI-COOK 230 GRAM (1 TUNGKU) - Merah,Easy to assemble. Elegant design. The seller is very friendly.
Computers and Laptops,Kepala Colokan Listrik Charger Macbook untuk colokan Indonesia,"The singlet is cute, the material is cool enough for everyday wear, but it's thin... Arrived quickly, recommended shop"
Tour and Travel,10 days ordinary dewasa Japan Rail JR Pass Shinkansen Jepang adult,neat packing. item according to product. fast response to chat. order arrived 24 hours. top markotop
Gaming,Memory card ps2 64Mb MC PS2 64 MB MEMORI PS2,"PS it doesn't last long... It hasn't even been 2 months and it's broken even though it's only been used normally, it's rarely used and then it breaks itself"
Toys and Hobbies,Kartu remi tahan air ukuran 6.3 x 8.8 cm,"It's easy and difficult to assemble, thank God it's cool... Product fits. Tq seller, tq tokped"
Toys and Hobbies,RB- M28 Mainan Mandi Bola Plastik WarnaWarni SNI Isi 50PCS Untuk Tenda - WARNA- WARNI,disappointed
Other Products,Coil Smok RPM 0.4 ohm Mesh Coil dan 0.6 OHM TRIPLE Authentic - 0.4,"The product matches the description?? The product quality is good, the rubber is thick, the work is neat & smooth. thanks seller for flash sale."
Sport,Bat Baseball/Tongkat Bisbol/Stik Bisbol Self Defense Shop,cotton material..I thought it was waterproof but it wasn't...I bought 2...asked for black and grey...but they gave me all grey...
Gaming,Sarung Tangan Jempol Gaming Anti Keringat PUBG FF Mobile Legend New,"The packaging was cracked so it was safe, so when it arrived it broke even though it was being sold, hahaha..."
Computers and Laptops,Logitech MK275 Wireless Keyboard Mouse Combo,"Ordered white & silver, was sent white & red... disappointed it didn't match what I ordered"
Electronics,CAMERA ENDOSCOPE ANDROID USB 720P IP67 TAHAN AIR KECIL,Very easy to install
Kitchen,Korek Api Kompor - Lighter Pemantik Kompor Gas,The leg of the Hulk robot toy is broken/damaged. Please check before sending
Sport,Premium Skipping Rope Svarga 3 Meter | Tali Skipping Speed Rope - Ungu,"The product was well received, the delivery was also extraordinarily fast, and it fits perfectly for the Nintendo."
Toys and Hobbies,rak hotwheels isi 20 akrilik/acrylic - Hitam,"This time I was disappointed, maybe Nina's tea employees were a bit careless when looking at the order, it was clear that there was an order for bubble wrap and a box, but the package I received was without bubble wrap and a box."
Gaming,Gamepad Ipega 9089,The drawler can't be opened manually or automatically
Computers and Laptops,Adaptor Charger Laptop Asus A455LA A455LD A455LB A455 A455L Original,"I have subscribed to buy Transpulmin Baby at this shop (Menarini Health & Beauty) and also other products. The shop's response is fast and Transpulmin Baby is very suitable for baby's skin. Quickly relieves flu & coughs in babies. Using natural ingredients, moisturizes baby's skin, safe for baby's skin, without preservatives, and does not trigger allergies. Anyway, it's helpful.. ??????"
Party Supplies and Craft,Rantai biji lada rante biji lada kerajinan tangan - silver,Bad response
Food and Drink,Brownies Panggang PREMIUM,"Thank you, the goods arrived safely at their destination."
Kids and Baby Fashion,Tas Sekolah Anak Laki Laki Sd Smp Gr RW402 Backpack Sekolah - Hijau,"The price doesn't match, the quality is zero"
Automotive,Masker 3 ply Hitam Full Black Orlee Medis 3ply Earloop Kemenkes 50 - Hitam,Very nice.. fast seller babgett.. the goods arrived quickly too.. Fast and comfortable. Safe for activities. Guaranteed Cheapest.
Precious Metal,WW additional PICTURE,"neat and safe packing, thank you"
Kids and Baby Fashion,Tas Sekolah Anak SD Laki Laki - C. America Navy,there is one cable missing... so please be more careful in shipping
Books,The Alchemist 25th Anniversary: A Fable About Following Your Dream,"Goods received safely, fast response, neat packaging, delivery time ahead of schedule. Thanks."
Other Products,pewarna sepatu canvas suede paint alus shoes - Biru,"Ordered 9 items, only 6 items were sent, empty items, no information"
Mother and Baby,Pediasure Vanila 1800g (1-10 tahun) Susu Formula Pertumbuhan - 2 Pack,"Even though I bought it on the 25th, I said it was a souvenir, it turned out it only came with milk. It's a shame"
Men's Fashion,"Polos - Classic Pajamas / Set Piyama Lengan Panjang Pria Dewasa Katun - Oregano, XL muat +-90 kg",The pattern doesn't quite fit. Negatives fit well but sleeves are too small.
Movies and Music,Mic Karaoke Mikrofon Wireless Bluetooth WSTER WS 858 WS-858 Mic Smule - Hitam,the item is good according to my expectations.. thank you
Party Supplies and Craft,BALON FOIL BANDO KARAKTER MIX BANDO ANAK MOTIF HEWAN HEADBAND ANIMAL 1 - S026,"Delivery was slow, when the item arrived it was already torn and dusty. ???????????????"
Office & Stationery,TEMPAT BROSUR / TENT HOLDER / TENT CARD AKRILIK DISPLAY 2 SISI A4,"A few days ago I ordered 4 salmon bolts but only 1 salmon bolt and 3 tuna bolts were sent. The price is 600 rupiah different, but the 600 rupiah difference isn't a problem, it's just more of an obligation to provide goods according to what the consumer bought so that the consumer doesn't suffer a loss. We promised to send the salmon we ordered this time, but we still sent tuna. If the item is empty, we should confirm, not just send it. OK, thanks bro... Hopefully other consumers don't experience something like this."
Kids and Baby Fashion,immo z7 jam tangan anak anti air,The product matches the picture
Sport,"Atalon Running Pants - Celana Pendek Ringan Lari Jogging Marathon - Hitam, M","The touchscreen doesn't work, just a suggestion before giving it to consumers, it's a good idea to test it first"
Household,Handuk Merah Putih 50x100 cm / Handuk Mandi / High Quality Towel,The material is soft. anti-slip. Appropriate size. The material is thick. The color is beautiful ??.
Food and Drink,bakso aci/boci/boci sakura/boci dower,"it's really bad, I'm sorry it happened"
Household,Over Steker Adaptor Kaki 3 ke 2 Travel Adapter Colokan Universal Swit,Packing process is slow
Food and Drink,Don Bakershop Premium Choux - Box of 4,"Disappointed because the seller didn't do the req I asked for. Bought this sling as a gift, because I could request it for a greeting, that's why I bought it here. I asked to take a photo of the card before sending it to my friend, but he promised to take a photo, but apparently he didn't. So my friend who received the goods was confused about who the sender was. After 2 days the goods arrived, I WAd my friend, and he told me that there was no writing on the package. So he was confused about who this was from. Please, in the future, if you make a promise, you can fulfill every request. If I couldn't do it from the start, I wouldn't buy here."
Mother and Baby,"merries S , M , L , XL - L35",Recommended. Smooth communication. Instructions are clear. The game is easy to install. Come here again sometime. Thank You!
Movies and Music,Stand Book Lubang2 Alat Musik Untuk Partitur Kecil MUSIC STAND Lx049-5 - Hitam,"ordered 3, came 1"
Computers and Laptops,Windows 10 Pro Original Lisensi - INVOICE,"THE SD CARD IS ONLY 29.71 GB, SAID OFFICIAL, BUT IN ACCURATE MKSOFFICIAL. DISAPPOINTED, THIS IS NOT ORIGINAL."
Toys and Hobbies,Homade playdough mainan anak 50gr / play dough / playdoh / play doh - Hitam,"ordered white. because the white one is empty, it is switched to black. Hey, the one that came is maroon red. pusiiing.... doesn't seem like he's ready to serve"
Women's Fashion,MINI Mochi Bag ( P 24 x T 18 ) - rose pearl,"WOOY THIS IS HOW TO SEND ONLY 1, I ORDERED 5 LOL, TRY TO CHECK WHAT YOU ORDERED"
Camera,Tripod weifeng 3120A bisa untuk hp dan kamera - 3110,"Good, fast, safe packaging ??"
Toys and Hobbies,Lilin mainan BOLA / Plastisin 1/4 - Biru,"I'm very satisfied, the medicine is fresh and it arrived quickly, ok, thank you"
Precious Metal,Logam Mulia LM 3 Gr ANTAM (REINVENTED),"I was very disappointed with the second order... the packaging was broken, the coffee went everywhere. I don't know if this was the fault of the seller or the courier."
Sport,Stelan Jersey Futsal Training Sepak Bola Timnas Indonesia Garuda Murah - Hitam,smaller... won't fit in the Electrolux washing machine. Overall it's just good waterproof
Muslim Fashion,Mukena Dewasa Traveling Raveena - Lavender,"2nd purchase... please fix the packing tomorrow... just bubble, just make use of duct tape... there is a hole in one side"
Carpentry,Over Steker Saklar On Off Stop Kontak Switch type318,"not recommended, I've tested it, it says the distance is 1km, even 100 meters is a problem"
Computers and Laptops,Xiaomi Mi Wifi Wireless Extender Pro Repeater Amplifier R03 Original,"Ordered 2 bottles of family coffee, only 1 bottle was sent. Seller chatted with no response at all. Very disappointing to the seller."
Camera,"2 in 1 Portable Mini Folding Tripod for DSLR,GoPro,Xiaomi Yi","Poor shop service, slow processing of goods, no response to chat, average goods"
Toys and Hobbies,Jingpindangong Ketapel Aluminium - Camouflage - Cokelat,"Goods arrived quickly, as ordered. The packaging is neat. Seller response??"
Automotive,Parfum Kopi Bali Spray Pengharum Mobil Ruangan Pewangi Botol ORI 20ml,item fits and arrived safely
Carpentry,Kacamata Las Otomatis Kacamata Welding Glass Auto Dark Anti silau - Mono Glass,Good item & according to the description my child is very happy!! Cheap price & fast delivery
Gaming,Stik controller microsoft xbox 360/pc - Biru,the t-shirt is nice to wear
Property,Panen telur - Oxihom Baskom Saringan Tirisan K1903 - Cokelat,"3 really bad dents, not worth selling and badly torn... even though I bought it many times, it was really ugly... GG bro"
Electronics,Ruizu X02 HiFi DAP MP3 Player 8GB,I bought bubble but didn't get the usual bubble. I wasn't disappointed this time
Phones and Tablets,Samsung Galaxy A12 4/128 GB Garansi Resmi SEIN - Hitam,Disappointed with the order and the incorrect goods sent
Electronics,TOLEDA HEADPHONE EXTRA BASS WITH MIC,top markootooop
Women's Fashion,Ikat Pinggang Wanita Elastis Fashion Gasper Sabuk Karet - #9,"head torch strap, changed... not good... disappointed."
Tour and Travel,20 days ordinary dewasa Japan Rail JR Pass Shinkansen Jepang adult,One of the calculators is dead. Please test it before sending the goods
Gaming,Kipas Pendingin Hp Gaming Fun Cooler Cooling Pad KH01 NEW,DTG ITEMS DON'T MATCH WHAT THE ADMIN TOLD YOU!! SAID 1.2 LITER RICE COOKER!! IT TURNS OUT THAT THE ITEM SENT WAS 1 LITER
Tour and Travel,21 days ordinary dewasa Japan Rail JR Pass Shinkansen Jepang adult,only used it twice already
Movies and Music,Cajon / Kahon / Drumbox Mahogany dilapisi Kulit merk MAKOA,"I ordered the normal white one, why was I sent this one, it doesn't fit"
Beauty,Jedai Jepit Rambut 5 Cm Ufa Thailand 2 warna 6 pcs - PAKET 19,"Good mask, according to price"
Books,Komik Seri : One Piece ( Eiichiro Oda ),"Sent the drill missing one. Then instead of just sending what was missing, I had to send back 1 box. Throw away the waste. Deliberately making it difficult."
Muslim Fashion,elzatta Obelia Samida - 306,"The seal was broken, I was a little doubtful about the quality, I complained, the unboxing video was included when the package arrived. but the seller responded negatively. alright. tired of buying here"
Computers and Laptops,SSD Midasforce 128 Gb - Tanpa Caddy,"Sorry, I gave 1 star, it said the item had been checked. actually until I broke it??"
Books,Hukum Perseroan Terbatas by Yahya Harahap,"goods received as ordered, thanks joyko"
Food and Drink,ABC Sarden Saus Extra Pedas 155 g - Buy 3 Get 1 pcs Free,"according to the picture and order, the packaging is good, great, bro"
Precious Metal,RM New 2 g,"What's this, the SSD can't be used... I asked for a replacement..."
Toys and Hobbies,Rak Rack Hotwheels 1:64 Isi 50 Lanscape Model Pintu Sleeding - Navy,"Item works well, super fast delivery"
Body Care,Kahf Humbling Forest Eau de Toilette 35 ml,Love this bardi. It really helps to turn off several devices when it's time to sleep and turn them on in the morning... at home I already use several devices such as CCTV. It's very easy to access even outside the house.. Cool..????????
Mother and Baby,Pediasure Vanila 1800g (1-10 tahun) Susu Formula Pertumbuhan - 2 Pack,"recommended, fast print fast response"
Women's Fashion,Daster Polos Ruffle / Daster remple Rayon - Mint,"very fast delivery. I have tried the product according to the description, it is practical to carry everywhere, now I no longer have a dirty and oily cell phone screen."
Books,[ ORIGINAL ] Atlas Anatomi Manusia Edisi 7 - Frank H Netter,"I received the packaging neatly, the material is soft, nice to use, the courier is always friendly, thanks, the cut is neat."
Men's Fashion,"baju tidur piyama pria bahan kaos IMPORT lengan panjang celana panjang - LD, XXL","It's really delicious, really fluffy, the texture is like rice, it's also easy to make."
Sport,BAM Pengeras Aroma Tawar 100Gram,The box cannot be assembled. Material too thin. And there was a part that was broken when received because the packaging was not good. I'm not complaining because boxing cheap stuff just wastes time. This month I bought 20 items. Unboxing each item is a hassle.
Animal Care,Obat Kutu Hewan Anjing & Kucing Bahan Alami RACOON / Flea Remover,"Order incomplete, chat not answered. good shop the employees are broken. make your image bad, charity."
Camera,SILICA GEL BLUE GRADE A ISI 100 SACHET,Many artemia have died
Beauty,Garnier Men Complete Package Mask Pack of 10,"The right front motor got hot quickly and now doesn't work, the same goes for the left rear motor"
Beauty,Garnier Men Complete Package Mask Pack of 9,"The item specifications are not complete for adult use, it can't just reach the neck"
Kitchen,Oxone OX-605 Pisau Dapur Black Marble Knife Set,"I've bought a lot, one is broken, I want to exchange it, I can't use the Belibet rules, I'm tired"
Muslim Fashion,Mukena Dewasa Traveling Raveena - Lavender,"just right, useful for keeping the kitchen tidy."
Beauty,L'Oreal Paris Revitalift Crystal Purifying Micellar Water Oil Free - 400 ml,"Very bad service, very bad delivery of goods and it took a very long time to arrive. I'm tired of buying here again"
Carpentry,Filter Air REMAX / Saringan Air / Filter Keran Air,Not glaring. Easy to shape. Comfortable to wear. Neat stitching. The material is cool.
Automotive,"Rat Repellent Spray (Pengusir Tikus, Pembasmi tikus Ampuh) - 250ml","good item, as ordered� fast delivery Positive job"
Office & Stationery,Print Sticker | Cetak Stiker vinyl A3+ dan Kiss Cut - Matte/Doff,The scissors were not in the package that was sent
Beauty,2IN1 KUTEK HALAL KUTEK 2 TONE KUTEK KOREA - B29,"I was happy to see the mukena arrived, but I was sad when I saw the bag, it was damaged, why was it being sold"
Body Care,SCARLETT WHITENING BODYLOTION by Felicya Angelista - CHARMING,"Fast delivery, good quality, smells good too"
Kitchen,OXONE Black Marble Knife Set OX-605,Good
Beauty,Jedai Jepit Rambut 5 Cm Ufa Thailand 2 warna 6 pcs - PAKET 25,"Very neat packaging with 2 layers?? Fast delivery, 40 pieces fit. This subscription helps mah. Will I order again tonight??"
Office & Stationery,Lakban Tokopedia - Putih,really really good
Movies and Music,SOUNDTECH 2.1 USB Condenser Microphone Cardioid and Omnidirect for PC,"Thank you, great stuff"
Toys and Hobbies,SK-M6 Mainan Tenda Anak Terowongan 4 in 1 + Kolam + Ring Basket Mainan - TENDA 4IN1 MERA,"The order was yellow... the one that was sent was free, hmmm"
Office & Stationery,Pulpen Gel Ink 0.5Mm Alat Tulis Perlengkapan Sekolah Pena Gel Standart - Isi Tinta Hitam,"Very satisfied, the admin explained in great detail. then when I used it there were no problems at all, it's really top notch"
Kitchen,Wajan Kuali Penggorengan Alumunium No.11,Positive quality. & there is a bonus cable protector ????????
Body Care,HMNS Starter Pack,"Good, tight, unfortunately 1 is broken."
Computers and Laptops,SanDisk Extreme Pro SDXC UHS-I Card 64GB 170MB/s,"The sound produced is clear. If you add a Giga Bass kit, add glerr, plus a 2 tr mic preamp, you can make karaoke."
Health,Masker Karet Medis 3ply All Black Onemed Box Isi 28,I didn't receive the item
Household,Pantone Bantal Kesehatan Charcoal Memory Foam Cool Gel / Kepala /Leher,friendly seller n fast response...
Gaming,PS5 Dual Sense Controller /PS5 DualSense/ PS5 Controller / Stik PS5 - Asia,very disappointed..rejected items are for sale..very bad service..it doesn't need money..very bad response.if the item isn't there you can confirm first..don't just send what you bought or what you sent.
Men's Fashion,Bowin Masker Bomber - 2x Anti Bakteri & Percikan (Masker Kain 4 Lapis) - PRO REGULER,OK item according to order
Muslim Fashion,HIJAB VOAL |VOAL ULTRAFINE | LUNA VOAL YOUTHSCARF (basic colour) - LV-DENIM,"The delivery was fast but the packaging wasn't very safe because it was only packed in plastic without bubble wrap or cardboard but over all it was good, I also got it for free from Tokopedia, thank you Tokopedia"
Kids and Baby Fashion,Tas Sekolah Anak SD Laki 3 in 1 Cowok - Fendi series - Hitam,"The second purchase is only 10 days apart, why are the maxi pellets different, they are smaller than usual and the color is darker. the smell is also different."
Tour and Travel,21 days ordinary dewasa Japan Rail JR Pass Shinkansen Jepang adult,greatpp
Men's Fashion,Monalisa Piyama dewasa pria part 2 - Avenger,"Thank God, the goods have arrived, can be used, hopefully it works well and lasts, the courier is good, hopefully the sustenance will continue smoothly"
Tour and Travel,7 days ordinary dewasa Japan Rail JR Pass Shinkansen Jepang adult,"The book arrived in safe and good condition, packaging and delivery took quite a long time"
Animal Care,Spray Penghilang Bau Kencing Kucing Anjing - Aroma Lavender,"It's worse, even though the note has given me a chip on the back of the design and if possible, there's no BCA/flazz logo, I can't see it at all, it looks like the note haseeeeeeeeeeeeeeeeeeeeeeeh??, the seller is also not friendly, you can tell me, just negor, just say return, as if the complaint is because you want to return it or change the money, even though you are criticizing it so that it will be better in the future, instead of apologizing for making a mistake, you act like you don't need a buyer, I swear I'm annoyed. This seller is really arrogant"
Kids and Baby Fashion,Kids Watch Z6 imoo Z6 Jam Tangan Pintar Anak - Merah,The item is scratched and not smooth
Food and Drink,Pia Mangkok isi 12 - Keju,"Item as described, friendly seller and fast response"
Camera,Filter ND ND2-ND400 ND 2-400 58mm FOTGA Slim Fader Variable Adjustable,"The promo offered by S3 Marketing is lousy, the alibi is that it is free gimmick only valid at shops in the Tangerang area, while the goods offered at the Tangerang shop don't have the free gimmick, but why is it listed at the branch shop? It's very strange."
Mother and Baby,Merries Pants Positive Skin L 34,"Fast response, some pages are blank"
Health,Masker Evo PlusMed 4d Medis - Putih,it's not as fast and neat as before
Books,Komik KOMPLIT Demon Slayer Kimetsu no Yaiba by Koyoharu Gotouge,the color does not match what you want
Movies and Music,Clip On Mic Bando untuk Youtuber mc dll,"Ordered 3 XXXL size chest circumference 52 cm, came 43, 44 and 45 cm. It's a lot big, boss, I only use it to wipe my motorbike"
Women's Fashion,Celana pendek wanita rayon polos adem variasi warna - WARNA 13,it has been well received mantafffffffffffff
Electronics,CAMERA ENDOSCOPE ANDROID USB 720P IP67 TAHAN AIR KECIL,"The seller's response was really good, the bananas were delicious and deliciously sweet"
Kitchen,[FREE BUBBLE] POMPA GALON AIR MINUM ELECTRIC WIRELESS,Neat and very fitting
Animal Care,MAKANAN KUCING CAT CHOIZE KITTEN 1 Kg / makanan anak kucing no bolt - KITTEN TUNA,not in accordance with the order and delivery of product replacement without confirmation
Movies and Music,Stand Book Lubang2 Alat Musik Untuk Partitur Kecil MUSIC STAND Lx049-5 - Hitam,I'm satisfied.. Recommended book
Kids and Baby Fashion,"Jumper panjang bayi 0-2 tahun Baju bayi unisex import jumper lucu anak - MARUKO PINK, 61","really meets expectations, auto learn Triumph ??"
Kids and Baby Fashion,"Jumper panjang bayi 0-2 tahun Baju bayi unisex import jumper lucu anak - MARUKO PINK, 61","Ordered red, received black. Even though I confirmed it in chat."
Health,Blackmores Pregnancy - Asupan Nutrisi Ibu Hamil dan Menyusui - Isi 60 Kapsul,"Thank you madame gie, the goods have arrived and are as ordered, I like it"
Men's Fashion,"Sepatu Karet PVC Anti Tembus Air Banjir Hujan AP BOOTS MOTO 3 MOTO3 - Hitam, 44",The goods have arrived but do not match the sample
Property,Jasa Duplikat Kartu Akses Apartemen/ Hotel - Polos,the pastel is great. This is my umpteenth time ordering. always a customer and satisfied with the taste.. the seller is also very friendly.. totally recommended
Household,MIISOO Kotak Masker/Tempat Masker Plastik/Kotak Masker Karakter - KOTAK POLOS,"The brush is not good, too thick."
Muslim Fashion,Mukena Katun Rayon Renda Pouch Traveling - Coklat Susu,"I'm really sorry, it's called a review, you have to be honest, I'm a bit disappointed with the color, I ordered mustard but it came in orange, I thought it was sent by mistake, but according to the seller, mustard is like that color, even though even if it was sent wrong, I won't demand anything."
Food and Drink,DIMSUM SEHAT DAN HALAL,After 2 hours it was already dim even though it had been charged all day before the first use
Precious Metal,5 gr RM 2021,"It's really recommended for other buyers to buy additional packaging... but otherwise the paper is ok, no defects at all... the price is also affordable... is that the best??"
Beauty,2IN1 KUTEK HALAL KUTEK 2 TONE KUTEK KOREA - B28,"The color is beautiful ??. Appropriate size. The material is soft. Sorry, just a photo of the pocket. the prayer mat is being washed."
Health,Imboost Kids Syrup Daya Tahan Tubuh - 120ml,If I use one it works fine but if I use two it often squeezes itself
Other Products,Liquid A La Carte Cream Poundcake 100ML Liquid Ala Carte Alacar - 3MG,I ordered only sukiyaki and konbutsuyu even though the description said 3 types... Very disappointed...
Women's Fashion,Daster Wanita Kekinian Adem - Warna Random,"I swear this is good, cool... The packaging is really neat, the product is safe... It's been tested and works, there's a lot of cloud & it doesn't get wet, there's no noise, you can get 2 filters... Uses batteries so it's practical to just throw it anywhere... TOP, thanks seller..."
Phones and Tablets,"Premium Quality Layar LCD iPhone 5 5G 5S & Touchscreen. Ori Original - Hitam, iPhone 15","Be careful buying the product. don't be disappointed. hoping to get the prize, even ZONK. I intended to shop at the official store, but instead it was sent from the branch store. I didn't get the PRIZE."
Beauty,Jedai Jepit Rambut 5 Cm Ufa Thailand 2 warna 6 pcs - PAKET 25,- Quick response & immediately processed - Neat & fast delivery - Pajamas are appropriate & comfortable to wear - The admin has the initiative to send different colors of pajamas -?????
Health,Masker Karet Medis 3ply All Black Onemed Box Isi 25,only worn once when washed and torn??
Mother and Baby,Puzzle evamat polos - Tikar evamat - Alas Main Anak-Karpet Puzzle eva - Hitam,Ergonomic design. Easy to use
Camera,Microphone Boya BY MM1 CardioId Shotgun mic DSLR / Handphone - MM5,"Perfectly ripe dates, really good. Suitable for small children or parents, success and good luck, bro, amen"
Party Supplies and Craft,Lem balon / perekat balon / glue dot ballon / tempelan balon,"I ORDERED WHAT COLOR, I WAS CRAZY THAT'S SELLING IT"
Office & Stationery,Whiteboard gantung 90 x 120 cm,"The packaging wasn't safe so the noodles crumbled, the shipping took a really long time and the process actually took a really long time"
Food and Drink,Abon sapi MESRAN manis 250gr Oleh tradisional khas SOLO enak gurih - manis,"Many of the items received were leaking out and many were empty, the goods did not match the description"
Movies and Music,Suling YAMAHA YRS-23 Original / Seruling Yamaha,"Crazy! Cheap price, okay quality"
Women's Fashion,VONA Dompet Wanita Lipat Dua Panjang Bahan Kulit Sintetis - MOZA - Navy,Using natural ingredients. Does not trigger allergies. No preservatives. Safe for babies??.
Party Supplies and Craft,Plastik Mika Kaku Bening (PET) Meteran - 0.3mm.,disappointed...asking to change the address doesn't work
Movies and Music,Sound card V8 Mixer Bluetooth SoundCard V8 Audio Soundcard,good and according to order
Food and Drink,Roasted Bean Premium Arabica Washed Tuang Coffee 250gr - Biji Kopi,"the size is very small, it says jumbo (XXL)"
Health,Peppermint Essential Oil / Minyak Mint Aroma Terapi Pure 10ml - MUSIM,the color is really cute. Recommended cheap price but not cheap. Next time I will order again
Camera,Helmet Front Mounting buat nge vlog mounting helm Xiaomi yi atau Gopro - Tanpa Pivot,uucchh gemezzz love it
Movies and Music,Joyo JCP-01 Capo Gitar Akustik dan Elektrik - Cokelat Kayu,How can this not be used?
Animal Care,Spray Penghilang Bau Kencing Kucing Anjing - Aroma Lavender,Easy to use. Gentle on skin. Fast order process. The seller is very friendly. The color is cute ??. The goods are durable. The seller's response is top. Safe packaging??. Neat packaging.
Party Supplies and Craft,BALON FOIL BANDO KARAKTER MIX BANDO ANAK MOTIF HEWAN HEADBAND ANIMAL 1 - S026,"The item is scratched, it can't be replaced because it wasn't videoed during unboxing, lesson for those who want to buy here... if you want to open the package, make a video so you don't end up with a scratched racket."
Movies and Music,Busa Telur Peredam Suara Ruangan - Busa Peredam - Egg Foam 200x100x2cm,"not real beef jerky, some kind of mixture"
Books,Security Analysis versi indonesia by Benjamin Graham,The microphone hole is faulty :(. The sound keeps ringing so it can't be used
Kitchen,Onix Dispenser Galon Air Aqua Pompa Galon Automatic,Not glaring. The material is cool.
Muslim Fashion,"masker hijab-masker hijab serut-masker kain-masker hijab 2ply 2 lapis - Ungu tua, Merk Mambo","I only drank a little, the next day it was already stale :("
Men's Fashion,"Seragam Safari Baju Safari Setelan Safari Security Seragam Satpam - hitam panjang, S",The product quality is very good. The seller's response is very fast and friendly. Safe delivery to the destination. Thank you Tokopedia.
Property,Jasa Duplikat Kartu Akses Apartemen/ Hotel - Polos,the bag is not good.. how how
Office & Stationery,Kabel Ties Cable Tie 2.5 x 150mm (15cm) CV 150 Kualitas baik - Hitam,Good Product Quality.
Electronics,VIVAN Kabel Data iPhone Lightning 1M Fast Charging 2.4A VXL100 - Biru,"The rendang is delicious, the meat is tender. Most welcome because I wanted to send it on Sunday so it could arrive on time before Eid. At first I was a little worried that if I sent it a day later it wouldn't be on time. It turns out the seller is gerceppp. Thanksss."
Health,Stella Parfum'ist Smart Matic Caffe Latte,it's really good stuff :)
Computers and Laptops,AIRO AIO24X 144Hz 1080P 24 Inch IPS Gaming Monitor - AIO24X,"The product is not good, and is damaged"
Women's Fashion,"CELANA KERJA WANITA FORMAL CELANA KANTOR PINGGANG KARET JUMBO - Hitam, M",Compliant Product.
Phones and Tablets,KIVEE 10000mAh power bank cepat dengan indikator LED - Hitam,"The goods were received in damaged condition, as was also the case with several other buyers. The seller rejected the complaint, but Tokopedia intervened and it was returned. but unfortunately I am in a situation where it is not easy to send goods. so what can you do? I really don't recommend buying from shops that tend not to be trustworthy"
Camera,silica gel natural 1kg 1000 sachets @1gram - 1 gr -+ 1003,Complained because the clock was set and it still didn't turn on. The answer from the admin was just OK
Tour and Travel,9 days ordinary dewasa Japan Rail JR Pass Shinkansen Jepang adult,"Sorry for reviewing now, the item is suitable & has been used without any problems... the seller responds quickly, the remote is definitely cool & really recommended... thanks"
Men's Fashion,"kemeja putih PNS pria baju PDH cowok - Putih, S","the goods are good, the price is cheap"
Computers and Laptops,Thermal Grizzly Kryonaut Thermal Paste 1 Gram cooler ORIGINAL - KEMASAN BARU,Not glaring. Neat stitching. Easy to shape. The color is beautiful ??. Comfortable to wear.
Toys and Hobbies,"PVC Figure Mizuhara Chizuru - Kanojo, Okarishimasu (18cm)","I really like the smell, the texture is also really good, the packaging is neat??"
Electronics,Module KIT MP3 Player Bluetooth Lengkap 1 Set,sending goods inaccurately
Health,Masker Karet Medis 3ply All Black Onemed Box Isi 30,"nice trousers, comfortable to wear"
Kitchen,Bagus Anti Bau Gel Lemari Es 180 gr,tilted and dented
Beauty,Jedai Jepit Rambut 5 Cm Ufa Thailand 2 warna 6 pcs - PAKET 18,Thanks. the goods have landed safely
Precious Metal,RM New 2 g,"Very fast response and delivery, highly recommend and will definitely shop at this store again."
Household,Alat PEL Lantai Otomatis SAMONO Clear Mop Alat Pel Praktis SCM004,"The item matches the picture and description, but the strap is too short."
Office & Stationery,Lakban Solatip Isolasi OPP Bening 2 Inch 45mm x 90 Yard 45micron MURAH - 90yard - 70m,"packing is just bubble wrap, next time add cardboard. Communicate delivery clearly so there's no hassle, it's sent separately in case, which isn't instant, and can't be cancelled."
Mother and Baby,"CUIT Setelan Pendek Celana Pendek BLOCK COLOR - Merah, 15","Only used once, less than 10 minutes, the suction was completely dead"
Household,Rak Sepatu Amazing Multifungsi Shoes Rack & Gantungan Hijab - HITAM - Putih,"The power bank doesn't work... the battery is full charge but when connected to the cellphone, the cellphone doesn't charge..."
Automotive,3M Clay Bar Claybar Detailing Salon Mobil Menghilangkan Noda Aspal,Quality materials. Appropriate size. The color matches. The cut is neat. The model is cool. Material absorbs sweat.
Muslim Fashion,Pengait Tali Masker Kalung Hijab Strap Mask Konektor Gantungan Leher - Silver-Mocca,Data often errors and is lost??
Movies and Music,Busa Profil Peredam Suara Telur Murah,Very disappointed
Men's Fashion,Kaos Kaki Hitam Polos Kerja Pria Premium LAF Project - Hitam,"Too bad, ordered different colors but one color came instead. Even though information has been given."
Women's Fashion,"PVN Kara Sepatu Sneakers Wanita Sport Shoes Candy Pink White Blue 372 - Candy, 37","funny, thank you"
Camera,Kids camera Kamera Mini anak / camera anak / camera kids X2 - Merah Muda,greatpp
Gaming,PSP SONY - 3000 + MC 32GB FULL GAME - Hitam,"Very disappointed with this product, because I saw a lot of small black particles in it! How can we clean our hands with dirty sanitizers?? Will not buy this again."
Kids and Baby Fashion,"OVIKIDS - Jeans Anak Skinny 123/468/81012 Unisex (2-6/7Th) - Biru, 2","thanks a lot, I like it"
Muslim Fashion,Masker Hijab 3 ply | Masker Headloop Kain Polos Warna Pastel model Evo - Kubus,"Second purchase. Seller, as usual, responsive. The packaging of the goods is very good, with bubble wrap and using a box again. The quality of the kimchi is fresh and delicious. Overall, good job!"
Body Care,Dettol Sabun Cuci Tangan Original 400ml Pouch x 4 Pcs,"Admin asked for quick and friendly response, goods arrived quickly, arrived neatly. Complete installation procedures were explained, the rest was guided. The admin was very helpful and kind, highly recommended. Next time I will definitely buy here again. very satisfied"
Women's Fashion,Masker strap / Tali Masker / Aksesoris masker Korea - type Banding - 3.Red,"Item works well, recommended"
Body Care,tawas cair deodorant spray penghilang bau badan dan ketiak hitam,the color description does not match
Men's Fashion,"CD03 Celana Dalam Boxer Pria Katun Bambu Bamboo Fiber Underware - polos, 6xl","The product is good, but the seller didn't read the order carefully, the size was wrong, so I was the one in trouble"
Electronics,"Mesin Absensi BioFinger AT-100, 500 Jari, USB Flash, EXCEL, Murah, Grs","The quality of the goods matches the price, the material is quite soft, but the screen printing is a bit rough, I don't think it should be washed in a washing machine, fast delivery"
Other Products,karung plastik bekas beras putih 50kg,"The seller's communication and response was very fast, the packaging was neat and safe!! Recommended..????????"
Beauty,2IN1 KUTEK HALAL KUTEK 2 TONE KUTEK KOREA - B30,"It's really cute, I just want to sit in this chair until I don't want to stand up anymore"
Other Products,Wasp Nano RDA Original 100% by Oumier - Oumier Wasp Nano RDA Vape Tank - TRANS RED,original packaging and standard delivery.. siiiippllll
Sport,Speed Swift Skipping Jump Rope - Hitam,"the item didn't arrive, very disappointing"
Body Care,Whisper Pembalut Wanita Regular Flow 40's,"Seller response and fast delivery, safe package, new product tried and don't really know if it's effective or not, the bottle is safe and doesn't leak and the sprayer is good. Thanks a lot seller!"
Carpentry,PYLOX BASIC / CAT SEMPROT PYLOX BASIC / PILOX BASIC 300CC,"It's been a month since the PO didn't arrive, I sent the voucher and it was promised that it would be sent the 3rd week of June... but until now it's the end of June and haven't received it yet - no reply on chat???"
Muslim Fashion,Hijab Wanita Plain Scarf Voal Diario x Nagita Slavina - Misty jade,Is the item original?? The sound is clear.
Precious Metal,RM 5 gram 2022,"The initial charging was sent but the indicator didn't come on, with a new charging, but all postage was charged to the consumer..."
Kids and Baby Fashion,immo z7 jam tangan anak anti air,"The item is not clear when I bought 6, sent two"
Toys and Hobbies,ACTION FIGURE KIMETSU NO YAIBA DEMON SLAYER TANJIRO NEZUKO KOCHO - Netzuko,Goods received as ordered
Computers and Laptops,KUKE KLS-808 Meja Lipat Laptop /Meja laptop lipat/Oxy Folding Table - Hitam,Seller Positive. Mini wireless keyboard works well. Thank You
Health,Masker Karet Medis 3ply All Black Onemed Box Isi 30,"What came was not the latest release which has blue granules in the hand sanitizer gel, a little disappointed even though the benefits are the same, it's just that the newest release looks more attractive because it has blue granules, even though in the product photo there are already blue granules. Very disappointed, I wanted to order again, afraid that what would come would be the same as what was available. Sad."
Women's Fashion,Tanktop Singlet Dalaman Wanita Gaya Korea - Jfashion Naraya,the cardboard packaging looks like it's been opened... it's not neat...
Automotive,Orios LED H6/M5 DC 6000K Lampu Motor,"All the seams that use chicken eyes, the print is also not neat, I'm disappointed"
Gaming,1MORE Piston Buds Wireless Silicon Cover Protector - Putih,Fit size to wear. Comfortable to wear. The jacket is stylish. Safe packaging??. Fast order process. Cool model.
Books,Buku mommyclopedia - 78 resep mpasi ( full color ),The color that arrived did not match the order even though I had written a cancel note if the selected color was not available.
Beauty,Garnier Men Complete Package Mask Pack of 11,"Sis, my one order was cancelled, but the money was not returned!!!!!!"
Movies and Music,Joyo JCP-01 Capo Gitar Akustik dan Elektrik - Cokelat Kayu,"Chat, almost no response"
Party Supplies and Craft,Balon Latex / Balon Metalik / Metalic Balloon Chrome 12inch - Lylac,"The package was not delivered enough, just be careful who buys here, it's cheap but the seller doesn't really respond and doesn't want to complain. It's better to buy from another seller!"
Body Care,LOVELI SUGAR WAX | WAXING | PENCABUT BULU |FREE 5 KAIN WAX+2 SPATULA,The material is a bit hot and the color doesn't match
Household,Set Sapu Pengki Sekop Sampah Lipat Kombinasi Sapum Broom Set D63 - Putih D63,The goods took a long time to arrive. Box received in damaged condition. Even though I wanted to make a gift.
Phones and Tablets,"Premium Quality Layar LCD iPhone 5 5G 5S & Touchscreen. Ori Original - Hitam, iPhone 15","the camera is really bad, in the description it says it can walkie talkie but it doesn't work, the seller's response is very slow, I didn't get a SIM card, instead I replaced socks"
Muslim Fashion,Bella Square Hijab Segiempat Part 6,many of them were scratched like marks. After that the bottom part of the wood was broken!!!
Property,cover body mobil Ertiga xenia avanza,"Item as pictured, delivery also fast."
Office & Stationery,Kalkulator Citizen SDC 868L 12 Digit 2 Power,"The light works, the light is quite dim, the battery power is only 4 hours in the sun all day. Items with broken bolt sockets are slightly open."
Office & Stationery,Nano Double Tape / Double Tape / Selotip Isolasi Bening Multifungsi - 1 MM,TOP
Food and Drink,Realfood Royal Wellness Minuman Sarang Burung Walet + Immune Booster,"Thank you for ordering, hopefully everything will be easy for RZQ..."
Office & Stationery,Artpedia Schedule Board Pastel Colour / Schedule Board warna pastel - Green Pastel,"weak suction, very noisy sound"
Muslim Fashion,Bella Square Hijab Segiempat Part 6,"Thank God the delivery was very fast. Friendly seller, neat packaging, product in very good condition. The thickness is right and the material is ok, as expected????Thank you"
Women's Fashion,Ikat Pinggang Wanita Elastis Fashion Gasper Sabuk Karet - #8,"Great original item, good packaging, cheap promo price, promos often"
Precious Metal,RM New 2 g,"Fast response, items can be used well"
Mother and Baby,"merries S , M , L , XL - L38",fast response thank you
Kids and Baby Fashion,Tas Sekolah Anak SD Cewek/Cewe/Perempuan 2 in 1 - Positive Friend - Biru,"The item arrived in a box that wasn't really suitable, making the gift embarrassing and in a pathetic condition"
Animal Care,ikan hias aquascape glofish tetra import - Hijau,"Thank you, the product has been well received. fast delivery, good packaging."
Automotive,Black Retrim - Penghitam Bodi Plastik Dasbor Motor Mobil Permanen,"Item received safely...tested sitting, used in car...comfortable. and the quality is good and thick... the first purchase at this shop was also 1 year ago... and the old silicone seat valve is still as thick as new. Highly recommended for those looking for a silicone seat mat...please stop by this shop, the seller also responds quickly."
Muslim Fashion,Masker Hijab 3 ply | Masker Headloop Kain Polos Warna Pastel model Evo - Kubus,"complicated, disappointing service"
Animal Care,Makanan kucing merk bolt kemasan repack 1kg - Donat 800gr,My order didn't arrive at my house according to the address.
Men's Fashion,Bitzen Ikat pinggang pria model rel sabuk gesper kulit men belt - 10,"The product doesn't work well, the shop isn't trustworthy, instead the buyer is told to return the product and throw away shipping costs twice!! The shop is not good!! Don't buy here!!"
Property,fajar berlian ungu - Ungu,"You really have to be careful when shopping online, it seems that when you buy it, there's no photo of the 'combination' mukena, suddenly it's sent differently from the initial photo. Luckily, test buy 1 before buying dozens to give to someone. Just buy it once. Buy here. Hopefully you can find a trustworthy shop"
Property,cover body mobil Ertiga xenia avanza,"it only contains 800 grams, the description says it's 1 kg... I've already bought 10 packs... please don't like this type of scam... it's not a blessing you know!! The seller is really bad, he gave illegal money to his family..."
Sport,BASIC HEADBAND BLACK / BANDO HITAM PRIA WANITA / AKSESORIS OLAHRAGA,Good item.. fast delivery
Health,Masker Karet Medis 3ply All Black Onemed Box Isi 30,the goods did not arrive. there is no solution
Men's Fashion,Topi Bucket Rimba Hat Tali Premium Polos - Hitam,"one is a constant error. so it's a hassle. Sometimes life is difficult, if you are on, you have to use a headset, because the mic is on and off"
Electronics,Bundling Speaker G2 Bluetooth Mega Audio Mg 2 & Holder Gurita HP,I'm disappointed that I bought a helmet that already uses bubble wrap but it still has scratches on the inside of the helmet visor. That means it's not scratched from shipping. The seller's response was also not good.
Body Care,ADIDAS Get Ready Eau De Toilette 100ml,"It's really bad, bro... it's way off from tools from other brands. the battery compartment is rusty. because it's cheap so 2 stars are still enough. No complaints, the return postage is expensive. just think it's bad luck."
Party Supplies and Craft,Kukakey Strap Gantungan Kunci Mobil Motor Bracelet Cars Key Chain Rope - Short Black,"The goods arrived safely even when shipping between islands. Review after 3 days of use: surprising quality at this price range, especially when I bought it at a 43% discount. Tombolnya tinggi, tactile, analognya responsif dan sensitif, L-R3-nya clicky, trigger dan bumper enak dipencet, linear triggernya juga beneran fungsi, ga cuma embel-embel nama, rumble atau getarnya juga fitur tambahan yang bagus. The build quality feels premium, it's not hollow, the body has a matte finish so it's nice to hold, the cable is also braided. However, the layout is quite wide, which is a bit difficult for those with small hands, and unfortunately the D-pad is not the best for your thumbs if you use it for too long, because the sharp edges and the cross shape become a bit loose at an angle, your thumbs will feel sore if you keep sliding around pressing the D-pad, especially since I'm a negative person who uses this controller to play wrestling games. Even so, I don't regret buying this, for the price range, the quality is still impressive, on par with an original console controller. Recommended product."
Precious Metal,WW additional PICTURE,"very soft, nice, the grip is also comfortable. The weight is medium, neither heavy nor very light"
Beauty,Jedai Jepit Rambut 5 Cm Ufa Thailand 2 warna 6 pcs - PAKET 23,"The damaged item doesn't work at all, can't play with it at all, that's terrible"
Kitchen,Lunch Box / Kotak Tempat Makan / BPA Free / FREE SENDOK GARPU 1300ML - 2C Maroon,Bought 2 only 1 turned on so disappointed
Kitchen,Maxim Tools Egg Separator/Pemisah Kuning Putih Telur,The clock functions normally. The material is good. Appropriate size. Comfortable to wear for a long time.
Tour and Travel,19 days ordinary dewasa Japan Rail JR Pass Shinkansen Jepang adult,what arrived was very different from the one in the photo
Carpentry,Sticker Wallpaper Dinding 3d Foam Bata Putih dekorasiWallpaper Dinding - Putih,"It breaks quickly, sometimes it connects, sometimes it doesn't"
Kitchen,CELEMEK MASAK APRON KATUN DRILL HARGA MURAH KUALITAS PRIMA - Putih,"Item as described, seller fast response. Fast delivery"
Camera,"X9 MINI HD KAMERA DIGITAL ANAK 12 MP | CHILDREN FUN CAMERA - X9 Biasa, Rabbit Blue","Very disappointing, the hipseat and baby carrier cannot be connected because there is no safety lock between the hipseat and baby carrier and the hood to protect the baby's head is not available. Hopefully in the future you will describe the product as it is, so that consumers understand and understand the product you are selling"
Books,1984 by George Orwell,"Good for the price of 35 thousand. The material is quite soft, not stiff. not too thin, not see through. it seems comfortable to wear."
Muslim Fashion,Mukena Dewasa Katun Bordir Siti Khadijah Cantik - Warna BEBAS Aja,"the tool is good, the price is in line with the quality, but it's still reasonable compared to other brands with prices above 50, the quality is the same as this, the seller also responds quickly, responsively. Excellent ????"
Computers and Laptops,SSD 128GB RX7 GARANSI RESMI 3THN,"It's no use using an extended box... the cardboard unit still gets dented, I'm disappointed... give me bobble warp, bro...??????"
Household,Tempat Sampah Nerdic Dan Tutup/Tempat Sampah Bentuk Berlian - Merah Muda,"Thank God the delivery was very fast. Friendly seller, neat packaging, product in very good condition. The thickness is right and the material is ok, as expected????Thank you"
Mother and Baby,Kodomo Baby Tisu Basah Anti Bacterial 50 sheets,Very satisfying service
Animal Care,FLASH SALE - Makanan Kucing Bolt Repack 1KG - IKAN,"The item doesn't match the order... I ordered black, size L, it was sent in green, size XL, and I ordered green, size M, and it was sent in size L, boss's level of service, hopefully the next order will be the same."
Sport,Kacamata Renang Dewasa Speeds LX 5100 Mirrored Anti Fog UV + Earplug - Biru,"great, thank you seller. Ordered yesterday afternoon, 24 hours later it arrived in the Garut area. item according to description"
Automotive,Tempat Holder Multifungsi Tissue + Kartu Sunvisor Mobil | Premium - Coklat,"My order was not responded to, it was my turn to cancel it and it was immediately responded to and sent. and also his talk is causing a fuss... I'm tired of shopping like this... if there are still shops like this, I'll stop using the tokped app"
Party Supplies and Craft,Balon Latex / Balon Metalik / Metalic Balloon Chrome 12inch - Lylac,"We have received the goods, thank you bro"
Precious Metal,5 gr RM 2021,Second order but the results were not neat and disappointing. The laminating is peeling at the edges and the cut is not neat. The holes are also prominent and random.
Sport,deker dekker futsal embos,"It doesn't feel like usual. This 3rd purchase is SALT AWESOME!!! After all, the packaging was just bubble wrapped, not given the usual dosage, so a lot of the chips were crushed!!"
Electronics,PINZY Portable Wireless Speaker T5 | Speaker Bluetooth mini,The package arrived very quickly... The satin material is nice and smooth. Very friendly people????
Other Products,Tinta plastisol Brain Plus putih 1kg,"Awesome, fast delivery of good items, seller responds really fast, packaging is really good, safely arrived at the place.. really cool stuff."
Mother and Baby,"CUIT Setelan Pendek Celana Pendek BLOCK COLOR - Merah, 20",The goods are okay and the price is also affordable. The packaging is really neat. excellent seller
Kids and Baby Fashion,Topi bayi rajut newborn / Kupluk bayi rajut / Topi kupluk bayi pom pom - Hitam,"Fast response, neat packaging, delicious taste...thank you"
Muslim Fashion,sejadah travel serut - Biru,mantaaapppppp battt. Crispy taste......hrg FS 30k...free shipping too...luv...luv...luv...??
Books,"Buku Anak, Buku Cerita Bergambar Seri Mengenal Hewan Bilingual Murah",Neat stitching. The color is beautiful??
Health,Stella Parfum'ist Smart Matic Caffe Latte,not as beautiful as imagined
Carpentry,"Sepatu Safety Kings Kulit asli 100% - 102, 37","the packaging wasn't neat, some of them didn't close so they got hit by the rain, about 8 books were damaged:((("
Carpentry,Toolset ToolKit Dengan Box 16 Pcs HJ-C016,really great
Health,Masker Karet Medis 3ply All Black Onemed Box Isi 26,Good Product Quality. Good material. Recommended. Affordable prices!.
Household,Alat PEL Lantai Otomatis SAMONO Clear Mop Alat Pel Praktis SCM003,Cool responsible seller!
Kitchen,Oxone OX-605 Pisau Dapur Black Marble Knife Set,"The initial charging was sent but the indicator didn't come on, with a new charging, but all postage was charged to the consumer..."
Kitchen,Goto Whale Pompa Galon Dispenser Air Minum Charge Usb Gallon Pump - Putih,"bought the wrong item, but the shop made no compromise at all. Even though the item is still sealed, I'm disappointed..."
Computers and Laptops,PAKET LISENSI WINDOWS 10 PRO DAN OFFICE 2019 ORIGINAL + BONUS,"Fast delivery, correct order, safe packing, just want to try Mbakoan, next look for Bako with other flavors, Mtr thank you"
Body Care,Folti baffi cream wajah penumbuh jenggot jambang kumis pria sdh BPOM,"the soup doesn't taste good when it's thick enough to add a lot of water, but the taste isn't really good at all, pretttt"
Electronics,Lampu LED STRIP SELANG 3528 2835 10M 220V 10 Meter 5050 Outdoor RGB,Friendly seller and fast response. The packaging is neat and the quality of the t-shirt is ok?? will buy again??
Body Care,Kahf Humbling Forest Eau de Toilette 35 ml,"The nuts and bolts were lacking and the first seller said they would respond after 5-7 days, after 2 weeks there was still no solution. I was told to send the clothesline part back even though the only thing missing was the nuts and bolts which made it complicated and ended up being the bottom part that couldn't be used. less professional handling"
Beauty,2IN1 KUTEK HALAL KUTEK 2 TONE KUTEK KOREA - B24,"great according to the order, the response was quite fast, and quite informative, the package was neat and safe, the condition of the goods was good, the seal, there was a problem with a Gosend error so it was only processed the next Saturday, ready to help with the fast process, finally it could be delivered on Saturday too. thanks"
Precious Metal,UBS Logam Mulia BT21 Tiger 0.25 Gr,ITEMS DON'T COME AND THE FUNDS WILL NOT BE RETURNED
Property,plang nama jalan full reflective - 30 x 15,"The mask is neat, the packaging is neat, complete with a plastic box"
Camera,Mini Photo Studio Box Folding Kotak Tempat Foto Portable with LED,"Ok, the seal on the lid is also strong when you press it to let the air out of the bag and it doesn't open. Cheap price too."
Muslim Fashion,Nabnib - STRIPY Ciput Rajut Premium - Taupe,"Actually, the product quality is good, original. but disappointed with the service. Admin is very slow to respond (Negative response), the order has been processed but the receipt is invalid. Delivery time via expedition is fast, the process takes a long time at the official store's internal admin..."
Computers and Laptops,CASE MACBOOK Case MATTE BLACK AIR PRO RETINA TOUCHBAR 11 12 13 15 INCH - NEW AIR A2337M1,the seller is not friendly
Health,Peppermint Essential Oil / Minyak Mint Aroma Terapi Pure 10ml - MUSIM,"The item was damaged, ordered on the 11th, on the 28th I only had to use it for a wedding when I wanted to charge it again and it dropped and couldn't charge. Haha, only worn it once."
Mother and Baby,Merries Pants Positive Skin L 30,Good� ???? the ingredients are delicious
Household,Pel Lantai Spray Super Mop Alat Pembersih Lantai Pel Pembersih A70,wastes battery
Precious Metal,Logam Mulia LM 3 Gr ANTAM (REINVENTED),"Prices are much cheaper, fast response, friendly, and highly recommended. Will definitely order here again. Keep it up, sis, the best????"
Property,fajar berlian ungu - Ungu,official but it took so long...
Kids and Baby Fashion,V019 Tali Strap Kalung Rantai Masker Anak motif LUCU Unik - V019-Sun MIX,greatpppp. Recommended keyboard and mouse????????????
Tour and Travel,7 days ordinary dewasa Japan Rail JR Pass Shinkansen Jepang adult,"wow cool. the tool feels like a cigarette craftsman. Matap seller friendly, fast process, delivery also fast."
Carpentry,Filter Air REMAX / Saringan Air / Filter Keran Air,"Admin's response was bad, true like other reviews, as if chatting with a robot, already had a note to sell, asked for safe packaging, instead it came with dents, exp requested took a long time, at least like the other reviews of 30 Oct, Eh, instead it was accidentally sent Experience in July (description is indeed in July) Laugh now, PT Bayer Admins... You'll definitely come when you cry??????"
Phones and Tablets,Amazon Kindle Paperwhite 10th Gen EBook Reader Waterproof 8GB Ads - TWILIGHT BLUE,The packaging is very neat and the wrap is thick. Original product. Given a bonus air diffuser. Thank you
Beauty,Jedai Jepit Rambut 5 Cm Ufa Thailand 2 warna 6 pcs - PAKET 20,"The first time I ordered wooden pallets, the seller's response was quick and arrived at home... awesome?? Next I'll order again... Thank you sis... recommended seller????"
Precious Metal,Minigold Black Series Logam Mulia Koin Emas Mini 24 Karat 0.025 gram,"The process of sending vouchers is fast. I haven't checked in yet. Hopefully there won't be any problems until the day. the price is really ok compared to similar agents and the seller is responsive, I like it"
Movies and Music,Pianika YAMAHA P32D Original,"really beyond expectations, the chili sauce is not fresh, it's a bit smelly, it's not spicy but it's sweet, the packaging is good"
Party Supplies and Craft,box clover segi 4 / kotak kado hadiah gift makanan cd bingkisan,the tool has an error
Animal Care,Promo: BOLT makanan kucing kering rasa Tuna REPACK,"Junk stuff. Says it's authentic, it turns out it's a kw item. I bought 3 boxes, I asked to be sure they said they were authentic. I've only been using it for a few hours and it's already bitter. All my stuff."
Gaming,Stick Ps3 OP Wireless Original Pabrik Hitam Controller,"Orders were processed quickly, neatly packaged, as ordered. steady boss. ?????? always repeat orders here."
Women's Fashion,tas selempang wanita shouder bag waterproof import nylon Import Nj2 - VIOLET,"The goods have arrived neatly packaged, but the LED doesn't turn on. It arrived when I was traveling when I tried it. The LED didn't turn on and when I contacted the shop, they didn't want to take responsibility because the order status had been completed. It's best to test the product first before sending it to the buyer to make sure everything works!"
Women's Fashion,"Clouwny - clouwny chinos pants katun strech dan fit di kaki - Taupe, All Size","really like it... really use it, don't waste buying it"
Office & Stationery,Lakban Tokopedia - Hitam,Goods are safer and buyers are calmer
Men's Fashion,jaket gojek original - XL,Many buttons are broken... The battery is damaged and can't be charged.
Carpentry,Semprotan Air,"So far the item I received is good with no defects, but this item has a bit of a defect in the cover, apparently from delivery because when it arrived the packaging was already opened, I don't know if it was torn to see what was inside with the courier or what happened, the book got rubbed, I'm sad, but luckily the cover didn't reach the inside."
Precious Metal,CHRISTMAS PROMO + NEW 5 GR / 5g / 5 Gram GOLD,"My item... if it's original, the tip of the lightning plug is gray, if it's white... the USB plate is also like the picture of the fake product... the left part is the product bought at this shop, the right one is the original cable when you bought the cellphone."
Body Care,Folti baffi cream wajah penumbuh jenggot jambang kumis pria sdh BPOM,"Honestly, for this price, it has exceeded my expectations. comfortable and neat stitching, no fraying"
Tour and Travel,9 days ordinary dewasa Japan Rail JR Pass Shinkansen Jepang adult,Great. You can also connect to Siri
Kitchen,CETAKAN KUE MARTABAK MINI LUMPUR SURGA TEFLON ANTI LENGKET,really great. the kids really like it. Thank You
Sport,"JERSEY BASEBALL / Baju Baseball NY salur white 03 - WARNA 01, L","The product is not suitable, ordered laminated but sent without lamination, the writing is blurry, the ordering process is very complicated"
Movies and Music,Sustain Pedal Damper Piano Keyboard - WTB-005 - Black,"fast response, safe packing, lots of bonuses. 2nd order. thanks bro, success always"
Books,[ORIGINAL] Satu-Satunya Buku EKG Yang Anda Perlukan 8e - Malcolm S.,"The stitching is not neat, there are 2 front and side seams"
Books,Dale Carnegie - How To Win Friends and Influence People-Simon & Schust,"It's easy and difficult to assemble, thank God it's cool... Product fits. Tq seller, tq tokped"
Party Supplies and Craft,BALON FOIL BANDO KARAKTER MIX BANDO ANAK MOTIF HEWAN HEADBAND ANIMAL 1 - S024,"appropriate item, thank you"
Other Products,Packing Dus,The goods took too long to arrive even though they were still in town. Casing comes off easily. Honestly disappointing.
Office & Stationery,Deli mini cutter portabel durable cute size E2050 - Biru,How come it doesn't help with acne problems? In fact it increases a lot
Camera,KNF Concept 4-In-1 Camera Lens Cleaning Pen Camera Lens Cleaning Kit,"The item was received in a defective condition, as if there was a tear, don't just pack it next time, don't just crack it, it's only 1 layer."
Party Supplies and Craft,Stick Cup Standing Balon / Tatakan balon / Tiang Dekorasi / Gate balon,Only used once and immediately tore... thin material... delivery took a long time... never received a chat... not recommended...
Kitchen,SARUNG TANGAN PLASTIK isi 100pcs / 50 pasang,"Great bro, the item landed smoothly. Card okay. The cast is complete too. There are guidebooks and notebooks for moderators. Thanks bro."
